{"cameraMode":{"drawMode":0,"name":"Shaded","section":"Shading Mode"},"sceneLighting":true,"audioPlay":false,"sceneViewState":{"showFog":false,"showMaterialUpdate":false,"showSkybox":false,"showFlares":false,"showImageEffects":false,"showParticleSystems":false},"in2DMode":false,"pivot":{"x":-49.10567092895508,"y":-0.39685940742492678,"z":-14.286224365234375},"rotation":{"x":-0.17172497510910035,"y":0.6177216172218323,"z":-0.14060771465301515,"w":-0.7544271349906921},"size":18.581892013549806,"orthographic":false}